Test,Bubble Sort,Selection Sort,Insertion Sort,Bucket Sort,Merge Sort
0,6.601458311080933,2.9017717838287354,2.785040855407715,0.006216764450073242,0.026978015899658203
1,6.458529949188232,2.968827962875366,2.629664421081543,0.005260467529296875,0.02550196647644043
2,6.629220008850098,2.7404353618621826,2.77105712890625,0.005352497100830078,0.025403261184692383
3,6.56531023979187,2.850405216217041,2.697460889816284,0.0052487850189208984,0.025301694869995117
4,6.526158332824707,2.931358575820923,2.8137598037719727,0.005161285400390625,0.02520751953125
5,6.628450393676758,2.7139179706573486,2.7704787254333496,0.005290031433105469,0.025163888931274414
6,6.434033393859863,2.944955587387085,2.850517511367798,0.005234479904174805,0.02521800994873047
7,6.446136713027954,2.7981436252593994,2.747951030731201,0.005190372467041016,0.026035547256469727
8,6.428622722625732,2.780268430709839,2.7134196758270264,0.014163732528686523,0.025977134704589844
9,6.467076539993286,2.8714864253997803,2.6435885429382324,0.005217790603637695,0.02622079849243164
10,6.48387598991394,2.801772356033325,2.626919746398926,0.005160331726074219,0.03492236137390137
11,6.576005220413208,2.7379541397094727,2.8139331340789795,0.005196809768676758,0.02510213851928711
12,6.599699020385742,2.8059117794036865,2.746680736541748,0.005105733871459961,0.02678990364074707
13,6.500960350036621,2.8514740467071533,2.808464288711548,0.005348682403564453,0.026082754135131836
14,6.5012006759643555,2.832653045654297,2.609468698501587,0.006558418273925781,0.025156021118164062
15,6.5971996784210205,2.7876393795013428,2.810793399810791,0.0051288604736328125,0.02516961097717285
16,6.470173358917236,2.8546509742736816,2.8296525478363037,0.005199909210205078,0.025714874267578125
17,6.569889307022095,2.8924813270568848,2.8295295238494873,0.005211591720581055,0.025635480880737305
18,6.517385959625244,2.890634775161743,2.851883888244629,0.014554500579833984,0.025722742080688477
19,6.555052757263184,2.932777166366577,2.7480309009552,0.00525975227355957,0.029531002044677734
20,6.527302980422974,2.8606979846954346,2.698915719985962,0.00522923469543457,0.024896860122680664
21,6.505187749862671,2.8373754024505615,2.6910994052886963,0.005192756652832031,0.025331497192382812
22,6.444865942001343,2.8145501613616943,2.716555595397949,0.005151987075805664,0.024740219116210938
23,6.611584901809692,2.8865673542022705,2.8527936935424805,0.0051937103271484375,0.025483131408691406
24,6.425614356994629,2.8111162185668945,2.6750521659851074,0.005227804183959961,0.024846553802490234
25,6.428322792053223,2.816291332244873,2.777498960494995,0.005289316177368164,0.02725529670715332
26,6.506690740585327,2.7622926235198975,2.688068389892578,0.005302906036376953,0.025570392608642578
27,6.601415395736694,2.7885942459106445,2.8094115257263184,0.014161348342895508,0.026337862014770508
28,6.5503318309783936,2.845946788787842,2.8535990715026855,0.005236387252807617,0.025166034698486328
29,6.5505030155181885,2.871490478515625,2.6855714321136475,0.005158424377441406,0.02498626708984375
30,6.583930015563965,2.9081368446350098,2.656336545944214,0.005148172378540039,0.02513909339904785
31,6.610526084899902,2.9452590942382812,2.730586528778076,0.005139589309692383,0.02554631233215332
32,6.392014741897583,2.85001277923584,2.6964545249938965,0.007621049880981445,0.03751015663146973
33,6.43719220161438,2.8947103023529053,2.8365912437438965,0.005220651626586914,0.0248868465423584
34,6.52322793006897,2.8690719604492188,2.798480272293091,0.005261898040771484,0.025434494018554688
35,6.505845546722412,2.93322491645813,2.759087562561035,0.005239248275756836,0.025177717208862305
36,6.414443016052246,2.7498533725738525,2.7441697120666504,0.005171298980712891,0.02516460418701172
37,6.446530342102051,2.8952698707580566,2.7348732948303223,0.013867616653442383,0.026151180267333984
38,6.480961084365845,2.7006478309631348,2.682018756866455,0.005372524261474609,0.02534961700439453
39,6.369362115859985,2.813775062561035,2.6379220485687256,0.005197763442993164,0.025794267654418945
40,6.42954683303833,2.811282157897949,2.815140962600708,0.005258798599243164,0.026082515716552734
41,6.425203561782837,2.7633731365203857,2.7220876216888428,0.005161285400390625,0.024694442749023438
42,6.415123701095581,2.775692939758301,2.74123215675354,0.005310535430908203,0.025365114212036133
43,6.355478048324585,2.86531925201416,2.840435028076172,0.007111787796020508,0.0251312255859375
44,6.42681360244751,2.784616470336914,2.7887320518493652,0.005261659622192383,0.02566695213317871
45,6.340224742889404,2.842438220977783,2.691474199295044,0.0052280426025390625,0.024584293365478516
46,6.513782262802124,2.8048512935638428,2.7696750164031982,0.013775110244750977,0.026969432830810547
47,6.6420207023620605,2.732755422592163,2.6147592067718506,0.005255460739135742,0.024863719940185547
48,6.46880030632019,2.8898534774780273,2.7159440517425537,0.005216360092163086,0.02501225471496582
49,6.39827823638916,2.911994457244873,2.701615571975708,0.006800174713134766,0.028941869735717773
50,6.368034601211548,2.838240146636963,2.713937759399414,0.005072832107543945,0.02466559410095215
51,6.313449144363403,2.8600480556488037,2.6317384243011475,0.005293846130371094,0.02531123161315918
52,6.376892566680908,2.884227991104126,2.728726863861084,0.00531315803527832,0.024873733520507812
53,6.479511976242065,2.7986021041870117,2.753913402557373,0.005277395248413086,0.025884151458740234
54,6.495757579803467,2.7900328636169434,2.8525302410125732,0.005246162414550781,0.02549266815185547
55,6.678018808364868,3.039029359817505,2.7900784015655518,0.005202054977416992,0.025127172470092773
56,6.489322900772095,2.8417000770568848,2.787083864212036,0.013792753219604492,0.025559425354003906
57,6.580082178115845,2.7151365280151367,2.772665023803711,0.005280256271362305,0.025272130966186523
58,6.439309120178223,2.7717607021331787,2.7566990852355957,0.005277395248413086,0.02503204345703125
59,6.488190650939941,2.792539358139038,2.8324472904205322,0.005214214324951172,0.02567601203918457
60,6.590886831283569,2.975827217102051,2.755495548248291,0.005218029022216797,0.024885177612304688
61,6.403395652770996,2.8635365962982178,2.8321239948272705,0.005070924758911133,0.03101062774658203
62,6.491609811782837,2.6765034198760986,2.7952260971069336,0.005034923553466797,0.02514934539794922
63,6.27777361869812,2.742234468460083,2.6888935565948486,0.004976987838745117,0.02401113510131836
64,6.25141716003418,2.715724468231201,2.7373836040496826,0.005934715270996094,0.03701186180114746
65,6.468361139297485,2.762394666671753,2.7767441272735596,0.013963460922241211,0.027498245239257812
66,6.31713604927063,2.9138197898864746,2.7199530601501465,0.004865407943725586,0.02417731285095215
67,6.504000425338745,2.9332516193389893,2.8192763328552246,0.007314443588256836,0.0360715389251709
68,6.378252744674683,2.90242075920105,2.7773549556732178,0.004870891571044922,0.02528548240661621
69,6.579474925994873,2.827866554260254,2.691725254058838,0.007143974304199219,0.031421661376953125
70,6.407132148742676,2.826688528060913,2.810715675354004,0.0053043365478515625,0.03380179405212402
71,6.419109106063843,2.796572208404541,2.6541635990142822,0.004849910736083984,0.02384209632873535
72,6.412416934967041,2.8264029026031494,2.8236184120178223,0.0049932003021240234,0.0241391658782959
73,6.42058801651001,2.84004282951355,2.719637632369995,0.004954099655151367,0.025281190872192383
74,6.400296688079834,2.92041015625,2.7597246170043945,0.005202293395996094,0.025385379791259766
75,6.620230436325073,2.7473502159118652,2.71836256980896,0.013301849365234375,0.025925636291503906
76,6.285468578338623,2.811964750289917,2.7436933517456055,0.005341529846191406,0.025246381759643555
77,6.338494777679443,2.736088514328003,2.7250173091888428,0.005180835723876953,0.023596525192260742
78,6.344297885894775,2.884323835372925,2.7899599075317383,0.005191326141357422,0.024858474731445312
79,6.2928009033203125,2.7959001064300537,2.7149806022644043,0.00574493408203125,0.024880409240722656
80,6.592391014099121,2.6510469913482666,2.6962320804595947,0.004869699478149414,0.023755550384521484
81,6.365514755249023,2.684272527694702,2.8138933181762695,0.004906177520751953,0.024450063705444336
82,6.301648139953613,2.826159954071045,2.7276577949523926,0.005215644836425781,0.03328514099121094
83,6.485512971878052,2.845351457595825,2.6746840476989746,0.00524449348449707,0.02471470832824707
84,6.315240383148193,2.7938244342803955,2.7268691062927246,0.014469146728515625,0.026215076446533203
85,6.421064615249634,2.793213129043579,2.78452205657959,0.005235433578491211,0.02525496482849121
86,6.448516607284546,2.7579939365386963,2.793628692626953,0.004921913146972656,0.024442195892333984
87,6.470094680786133,2.8365159034729004,2.6226322650909424,0.009779691696166992,0.030785322189331055
88,6.531463623046875,2.808497667312622,2.666144847869873,0.005141258239746094,0.025059938430786133
89,6.416256427764893,2.770603895187378,2.8629534244537354,0.005334615707397461,0.025185585021972656
90,6.490179538726807,2.7796366214752197,2.6935389041900635,0.005238056182861328,0.025272130966186523
91,6.596591472625732,2.8148000240325928,2.778165102005005,0.005196571350097656,0.025583267211914062
92,6.534350156784058,2.8208816051483154,2.6797521114349365,0.005177021026611328,0.025563478469848633
93,6.358141660690308,2.739196538925171,2.7259700298309326,0.005506277084350586,0.0245668888092041
94,6.467801809310913,2.691358804702759,2.779907703399658,0.013901472091674805,0.02530813217163086
95,6.38469672203064,2.7698230743408203,2.7572522163391113,0.004927635192871094,0.024624347686767578
96,6.461588382720947,2.853632688522339,2.796905994415283,0.005335569381713867,0.02556610107421875
97,6.444500207901001,2.8987395763397217,2.7845687866210938,0.0051059722900390625,0.024511337280273438
98,6.463256120681763,2.8922624588012695,2.8930861949920654,0.005168914794921875,0.025509357452392578
99,6.346529245376587,2.8128490447998047,2.7519102096557617,0.005270242691040039,0.024681568145751953
100,6.2973291873931885,2.8426060676574707,2.713169813156128,0.0052814483642578125,0.026063919067382812
101,6.529887437820435,2.899660110473633,2.8339004516601562,0.005329132080078125,0.025523662567138672
102,7.595805406570435,2.7551562786102295,2.673578977584839,0.005975961685180664,0.02493882179260254
103,6.394615888595581,2.768122911453247,2.721658706665039,0.01442575454711914,0.025120019912719727
104,6.656224489212036,2.9211201667785645,2.7260141372680664,0.005506753921508789,0.025449752807617188
105,8.140120029449463,2.967827558517456,2.808107852935791,0.0048427581787109375,0.02407073974609375
106,6.360332250595093,2.713804006576538,2.7200565338134766,0.008231878280639648,0.026294469833374023
107,6.380940198898315,2.858430862426758,2.7110652923583984,0.004846334457397461,0.024008989334106445
108,6.489144563674927,2.8877902030944824,2.7302236557006836,0.00505375862121582,0.02622842788696289
109,7.204174757003784,2.7846949100494385,2.7414438724517822,0.005343437194824219,0.025234699249267578
110,6.428933382034302,2.9752817153930664,2.7974867820739746,0.008619308471679688,0.03309822082519531
111,6.3947460651397705,2.889540672302246,2.650311231613159,0.005175590515136719,0.024799108505249023
112,6.3805224895477295,2.738522529602051,2.701653480529785,0.00517725944519043,0.02560710906982422
113,6.4387290477752686,2.72780442237854,2.787966012954712,0.014367103576660156,0.02646470069885254
114,6.390368223190308,2.848681688308716,2.666069269180298,0.005322933197021484,0.0250551700592041
115,6.433472394943237,2.7206969261169434,2.6953601837158203,0.005293607711791992,0.025443077087402344
116,6.485477924346924,2.935643434524536,2.794642448425293,0.005254030227661133,0.02509593963623047
117,6.543081283569336,2.952439546585083,2.750023126602173,0.006099224090576172,0.026066303253173828
118,6.479078531265259,2.718329668045044,2.6988654136657715,0.004910945892333984,0.023998260498046875
119,6.337439298629761,2.865711212158203,2.646740436553955,0.005259275436401367,0.025487899780273438
120,6.384489059448242,2.827043294906616,2.7389214038848877,0.0052912235260009766,0.02494335174560547
121,6.5132668018341064,2.974661350250244,2.772313356399536,0.005380392074584961,0.02567768096923828
122,6.445788621902466,2.8590500354766846,2.6888561248779297,0.01587653160095215,0.025834321975708008
123,6.372260332107544,2.73747181892395,2.661285400390625,0.005320310592651367,0.030843019485473633
124,6.477879524230957,2.8645143508911133,2.7089884281158447,0.005045890808105469,0.025022506713867188
125,6.369286060333252,2.8581387996673584,2.7446727752685547,0.005187034606933594,0.02539348602294922
126,6.514753580093384,2.77437686920166,2.7825419902801514,0.0049626827239990234,0.02454829216003418
127,6.7000977993011475,2.872441530227661,2.692920207977295,0.005235433578491211,0.02408432960510254
128,6.503857374191284,2.8411667346954346,2.820269823074341,0.0051991939544677734,0.024817943572998047
129,6.443187713623047,2.855620861053467,2.7332763671875,0.0052068233489990234,0.03563976287841797
130,6.419684648513794,2.9390223026275635,2.7615103721618652,0.0052416324615478516,0.029180049896240234
131,6.552200078964233,2.70792555809021,2.834777355194092,0.005226612091064453,0.025402307510375977
132,6.470332384109497,2.8526744842529297,2.715806007385254,0.013759136199951172,0.02576136589050293
133,6.41485595703125,2.930079460144043,2.7956180572509766,0.005286216735839844,0.025063276290893555
134,6.421040773391724,2.8005263805389404,2.7163515090942383,0.005239963531494141,0.024982690811157227
135,6.451624631881714,2.9182801246643066,2.7544009685516357,0.005206108093261719,0.0253753662109375
136,6.5071797370910645,2.834477663040161,2.7210001945495605,0.0052106380462646484,0.025980710983276367
137,6.634080171585083,3.0169596672058105,2.845825672149658,0.00524139404296875,0.026155471801757812
138,6.585281133651733,2.9666554927825928,2.880680561065674,0.0052089691162109375,0.026615619659423828
139,6.503348112106323,2.819913387298584,2.8117330074310303,0.005265951156616211,0.025318622589111328
140,6.43491792678833,3.0388193130493164,2.8363687992095947,0.005240678787231445,0.025583982467651367
141,6.507727146148682,2.8607678413391113,2.746905565261841,0.014059782028198242,0.025838375091552734
142,6.458173751831055,2.7721407413482666,2.6684207916259766,0.005226612091064453,0.026661157608032227
143,6.5636444091796875,2.7437820434570312,2.8897178173065186,0.005177736282348633,0.02680349349975586
144,6.417248010635376,2.812593698501587,2.685966968536377,0.0051953792572021484,0.02519369125366211
145,6.408883571624756,2.8770108222961426,2.693890333175659,0.005107879638671875,0.02506852149963379
146,6.492834568023682,2.830108880996704,2.689517021179199,0.005202531814575195,0.024936676025390625
147,6.530331611633301,2.7174718379974365,2.829040050506592,0.0052759647369384766,0.026248693466186523
148,6.4085705280303955,2.813859701156616,2.804494619369507,0.008747100830078125,0.02514815330505371
149,6.783854961395264,2.9252982139587402,2.9027645587921143,0.0052454471588134766,0.02574944496154785
150,6.78660249710083,3.1110074520111084,2.894974946975708,0.005213022232055664,0.025830745697021484
151,6.62787652015686,2.8090076446533203,2.762561082839966,0.013595819473266602,0.025791406631469727
152,6.424523830413818,2.835023880004883,2.7542295455932617,0.005299091339111328,0.02663278579711914
153,6.449412822723389,2.8896751403808594,2.8476712703704834,0.005092620849609375,0.024557828903198242
154,6.674969911575317,2.8253114223480225,2.676255941390991,0.005120754241943359,0.024222373962402344
155,6.486518859863281,2.745368242263794,2.7027266025543213,0.005181312561035156,0.025372743606567383
156,6.477704048156738,2.722949266433716,2.8163368701934814,0.005249977111816406,0.02773141860961914
157,6.449055910110474,2.820834159851074,2.7022416591644287,0.005197048187255859,0.02546381950378418
158,6.526647567749023,2.7979483604431152,2.7922420501708984,0.005316019058227539,0.025331974029541016
159,6.508244514465332,2.776902675628662,2.7817699909210205,0.005216121673583984,0.025589466094970703
160,6.504508018493652,2.8307406902313232,2.762362003326416,0.01495504379272461,0.026065349578857422
161,6.626044988632202,2.831733465194702,2.8879480361938477,0.005301237106323242,0.02547740936279297
162,6.408124208450317,2.7712137699127197,2.7196829319000244,0.005169868469238281,0.02523326873779297
163,6.6505818367004395,2.828840732574463,2.8745157718658447,0.005123138427734375,0.024976730346679688
164,6.468358993530273,2.7714600563049316,2.7444775104522705,0.005152225494384766,0.024670839309692383
165,6.410826683044434,2.891098976135254,2.706566095352173,0.00536036491394043,0.025121688842773438
166,6.49489688873291,2.785200834274292,2.8473947048187256,0.005312204360961914,0.025948286056518555
167,6.610095739364624,2.8413236141204834,2.7221262454986572,0.0051615238189697266,0.02466440200805664
168,6.449773788452148,2.9351212978363037,2.679307222366333,0.005187273025512695,0.0260467529296875
169,6.506734371185303,2.842773199081421,2.6883037090301514,0.005197763442993164,0.02544569969177246
170,6.460261344909668,2.910130739212036,2.7839291095733643,0.014678716659545898,0.025050640106201172
171,6.844804048538208,2.8566713333129883,2.84114408493042,0.00526738166809082,0.025847434997558594
172,6.671803951263428,2.9275639057159424,2.8460559844970703,0.0053060054779052734,0.02537226676940918
173,6.524641513824463,2.8483707904815674,2.8176751136779785,0.0051021575927734375,0.02465224266052246
174,6.374750852584839,2.7419960498809814,2.72310471534729,0.005203962326049805,0.02524590492248535
175,6.451220512390137,2.9075968265533447,2.6995460987091064,0.005667209625244141,0.027642488479614258
176,6.657413005828857,2.8408007621765137,2.852829694747925,0.00526738166809082,0.025439023971557617
177,6.603991508483887,3.1016552448272705,2.747239351272583,0.005414485931396484,0.024486541748046875
178,6.59161376953125,2.9102401733398438,2.7361297607421875,0.005244255065917969,0.025109052658081055
179,6.426930904388428,2.7995829582214355,2.6525418758392334,0.013876676559448242,0.025498151779174805
180,6.409595251083374,2.8652825355529785,2.7078802585601807,0.005215883255004883,0.02562713623046875
181,6.582437038421631,2.837648868560791,2.7023446559906006,0.005140066146850586,0.025704622268676758
182,6.605284690856934,2.813930034637451,2.7800824642181396,0.005160093307495117,0.025500774383544922
183,6.572349786758423,2.8692452907562256,2.795522451400757,0.005097389221191406,0.02505803108215332
184,6.433928966522217,2.70882511138916,2.840101480484009,0.005251407623291016,0.025140762329101562
185,6.464112043380737,2.931241273880005,2.7781338691711426,0.0052471160888671875,0.02523517608642578
186,6.513663053512573,2.989169120788574,2.656656265258789,0.005187273025512695,0.025055646896362305
187,6.48835825920105,2.826917886734009,2.857783555984497,0.0051479339599609375,0.024936914443969727
188,6.544929027557373,2.9254379272460938,2.8136327266693115,0.005034923553466797,0.024211406707763672
189,6.515424013137817,2.983290672302246,2.751516580581665,0.013642072677612305,0.025968074798583984
190,6.481391191482544,3.009448289871216,2.830625295639038,0.005501508712768555,0.03141951560974121
191,6.5695414543151855,2.6902670860290527,2.769456386566162,0.005988121032714844,0.025963306427001953
192,6.427233457565308,2.7956392765045166,2.7509140968322754,0.00527644157409668,0.025905847549438477
193,6.568356513977051,2.8043782711029053,2.754908561706543,0.005078315734863281,0.02466440200805664
194,6.358020067214966,2.6962428092956543,2.699819326400757,0.004860401153564453,0.02459430694580078
195,6.372266054153442,2.758129835128784,2.8265929222106934,0.005301237106323242,0.02683711051940918
196,6.268944978713989,2.758087158203125,2.6626293659210205,0.0052814483642578125,0.024693012237548828
197,6.293138265609741,2.7500410079956055,2.7526626586914062,0.005224943161010742,0.02525782585144043
198,6.347309350967407,2.7739081382751465,2.7804641723632812,0.014396429061889648,0.0263516902923584
199,6.3044657707214355,2.7143757343292236,2.728426694869995,0.0052759647369384766,0.02556753158569336
200,6.366814851760864,2.720755100250244,2.742717742919922,0.005233049392700195,0.02492523193359375
201,6.43280816078186,2.8287417888641357,2.6992013454437256,0.005221366882324219,0.025855064392089844
202,6.348101615905762,2.7828640937805176,2.7637100219726562,0.00515437126159668,0.026007413864135742
203,6.501738786697388,2.7368762493133545,2.727078914642334,0.005301475524902344,0.025374412536621094
204,6.483656883239746,2.754127264022827,2.819645881652832,0.005204916000366211,0.02532482147216797
205,6.612165689468384,2.8999483585357666,2.7220265865325928,0.005211591720581055,0.025913000106811523
206,6.417581081390381,2.846165657043457,2.805391550064087,0.005408525466918945,0.025896310806274414
207,6.449274301528931,2.8480515480041504,2.672196865081787,0.005181550979614258,0.0250396728515625
208,6.560369491577148,2.801114082336426,2.746166229248047,0.013955831527709961,0.026682138442993164
209,6.545467138290405,2.958942174911499,2.8114430904388428,0.0054590702056884766,0.025315046310424805
210,6.754712104797363,3.0722453594207764,2.800016403198242,0.00534367561340332,0.025724411010742188
211,6.457276105880737,2.9676949977874756,2.758824110031128,0.005373477935791016,0.02530646324157715
212,6.4897284507751465,2.8238320350646973,2.68035888671875,0.005362510681152344,0.025522947311401367
213,6.499197959899902,2.765687942504883,2.825965166091919,0.005234956741333008,0.025475025177001953
214,6.43989109992981,2.765368700027466,2.7599496841430664,0.005195140838623047,0.024976253509521484
215,6.330495357513428,2.9850239753723145,2.7008650302886963,0.005307197570800781,0.025734424591064453
216,6.390015125274658,2.9687530994415283,2.787003517150879,0.005254268646240234,0.02540445327758789
217,6.47121262550354,2.897937536239624,2.8142049312591553,0.015111207962036133,0.02631664276123047
218,6.564990520477295,2.827437400817871,2.8060901165008545,0.005270957946777344,0.025758028030395508
219,6.7097461223602295,2.867987871170044,2.756077289581299,0.005120992660522461,0.02570199966430664
220,6.519375324249268,2.8847427368164062,2.8531494140625,0.005182027816772461,0.025296449661254883
221,6.547313690185547,3.0134990215301514,2.7454819679260254,0.005094766616821289,0.02491021156311035
222,6.535597562789917,2.868537187576294,2.8045339584350586,0.005296468734741211,0.02539825439453125
223,6.765859842300415,3.02659010887146,2.605724811553955,0.005109071731567383,0.025092601776123047
224,6.566579818725586,2.8982224464416504,2.7489402294158936,0.005795955657958984,0.026357650756835938
225,6.457512855529785,2.732170343399048,2.6610286235809326,0.005159854888916016,0.03306913375854492
226,6.367446184158325,2.8194665908813477,2.7551984786987305,0.005239009857177734,0.026401281356811523
227,6.569301605224609,2.7982490062713623,2.7020561695098877,0.013998985290527344,0.025318384170532227
228,6.478477716445923,2.7136390209198,2.7702298164367676,0.005248308181762695,0.025016307830810547
229,7.148253440856934,3.0791666507720947,2.803229808807373,0.0052585601806640625,0.02516937255859375
230,6.441425085067749,2.756258249282837,2.720418691635132,0.005215883255004883,0.025151968002319336
231,6.4380128383636475,2.880901336669922,2.7647857666015625,0.005192995071411133,0.02524590492248535
232,6.604886054992676,2.7496726512908936,2.8600692749023438,0.0051534175872802734,0.02450251579284668
233,6.448484420776367,2.820119619369507,2.6747372150421143,0.0052356719970703125,0.02496480941772461
234,6.550260782241821,2.85158371925354,2.850996732711792,0.0053751468658447266,0.025775671005249023
235,6.571974277496338,2.990025520324707,2.6723759174346924,0.005225181579589844,0.028843402862548828
236,6.415917158126831,2.7878403663635254,2.7243707180023193,0.014002323150634766,0.026349544525146484
237,6.43611478805542,2.828648805618286,2.788586378097534,0.005264759063720703,0.025146961212158203
238,6.4994330406188965,2.7869555950164795,2.758455514907837,0.005139589309692383,0.025219202041625977
239,6.466661691665649,2.7302091121673584,2.8370368480682373,0.005179166793823242,0.03000187873840332
240,8.015125036239624,4.549943923950195,5.016287326812744,0.010677337646484375,0.04950451850891113
241,7.663813591003418,2.838186502456665,2.702211856842041,0.005246400833129883,0.025194644927978516
242,6.5393900871276855,2.8747169971466064,2.8846609592437744,0.005257129669189453,0.025148391723632812
243,6.733118534088135,2.796633720397949,2.842630624771118,0.0052416324615478516,0.025144338607788086
244,6.527163028717041,2.761655807495117,2.8251490592956543,0.005056142807006836,0.02477574348449707
245,6.579220533370972,2.854187488555908,2.815446138381958,0.0053250789642333984,0.036246299743652344
246,6.527300834655762,2.793379068374634,2.750072717666626,0.016972064971923828,0.03213214874267578
247,6.466886520385742,2.8652572631835938,2.7976388931274414,0.005165815353393555,0.02414226531982422
248,6.567406415939331,2.816549777984619,2.8525032997131348,0.005220651626586914,0.02520298957824707
249,6.656780004501343,2.903224468231201,2.6801695823669434,0.0052149295806884766,0.02498483657836914
250,6.558871269226074,2.824272632598877,2.8458023071289062,0.007030010223388672,0.03618264198303223
251,6.5746636390686035,2.7231576442718506,2.817950963973999,0.005803108215332031,0.03426623344421387
252,6.442704916000366,2.7509195804595947,2.7766430377960205,0.005261659622192383,0.024622678756713867
253,6.585331678390503,2.9321725368499756,2.8128035068511963,0.005259037017822266,0.02494668960571289
254,6.490182638168335,2.8065297603607178,2.7885868549346924,0.0052645206451416016,0.040529489517211914
255,6.538720369338989,2.8643951416015625,2.7972960472106934,0.014081716537475586,0.025826454162597656
256,6.454959392547607,2.7751123905181885,2.8052144050598145,0.005980730056762695,0.025639772415161133
257,6.601433515548706,2.8438215255737305,2.7416791915893555,0.005198955535888672,0.02790212631225586
258,6.611616611480713,2.7679128646850586,2.744922161102295,0.0063266754150390625,0.034079790115356445
259,6.817597389221191,2.7748589515686035,2.7255334854125977,0.005075693130493164,0.02471756935119629
260,6.4111411571502686,2.75369930267334,2.7640912532806396,0.005239963531494141,0.025203943252563477
261,6.485690116882324,2.797593116760254,2.7733423709869385,0.007256269454956055,0.02783513069152832
262,6.562588214874268,2.859863519668579,2.7240536212921143,0.0051572322845458984,0.024750471115112305
263,6.648720741271973,2.9962961673736572,2.8191590309143066,0.005255699157714844,0.027146577835083008
264,6.474571466445923,2.8534820079803467,2.7668075561523438,0.005187273025512695,0.02559041976928711
265,6.512972831726074,2.8117172718048096,2.745640516281128,0.01399850845336914,0.025980710983276367
266,6.4008214473724365,2.750032901763916,2.7172391414642334,0.005297422409057617,0.03295111656188965
267,6.504939079284668,2.7781195640563965,2.695981979370117,0.0052928924560546875,0.026283979415893555
268,6.40330696105957,2.8169240951538086,2.7236480712890625,0.005246877670288086,0.02621150016784668
269,6.431349754333496,2.8872790336608887,2.7405850887298584,0.005205631256103516,0.025538921356201172
270,6.4864561557769775,2.8045876026153564,2.756286144256592,0.0051271915435791016,0.02520012855529785
271,6.5745627880096436,3.064009428024292,2.8533568382263184,0.005275249481201172,0.025397777557373047
272,6.432480573654175,2.806309461593628,2.791544198989868,0.0052623748779296875,0.024866819381713867
273,6.489562511444092,2.9194061756134033,2.689074754714966,0.005273103713989258,0.024871349334716797
274,6.389475107192993,2.9793026447296143,2.785452127456665,0.014000654220581055,0.026261091232299805
275,6.620091438293457,2.743920087814331,2.6385674476623535,0.005176067352294922,0.02493000030517578
276,6.433164119720459,2.845790386199951,2.7184085845947266,0.007605075836181641,0.029413461685180664
277,6.46129846572876,2.813563823699951,2.7863776683807373,0.005194664001464844,0.02543807029724121
278,6.382993459701538,2.8057894706726074,2.7389538288116455,0.005090236663818359,0.024904251098632812
279,6.55133581161499,2.8099610805511475,2.762362480163574,0.005230426788330078,0.025247573852539062
280,6.4766809940338135,2.8131914138793945,2.7809109687805176,0.0052340030670166016,0.029987335205078125
281,6.4432213306427,2.7429258823394775,2.820120096206665,0.005199909210205078,0.025019168853759766
282,6.478296995162964,2.870988368988037,2.7411577701568604,0.005169868469238281,0.02577829360961914
283,6.51876974105835,2.840130567550659,2.774962902069092,0.00519871711730957,0.0248415470123291
284,6.498077392578125,2.8973991870880127,2.8844354152679443,0.015769004821777344,0.02597832679748535
285,6.464211463928223,2.760646343231201,2.8162989616394043,0.005320072174072266,0.025507450103759766
286,6.493942737579346,2.7556800842285156,2.6848573684692383,0.005249500274658203,0.024956226348876953
287,6.530831813812256,2.766263723373413,2.796628952026367,0.005193471908569336,0.02669811248779297
288,6.69952654838562,2.744065046310425,2.830742597579956,0.005207538604736328,0.024936914443969727
289,6.501306533813477,2.840165138244629,2.6982624530792236,0.005150794982910156,0.024945735931396484
290,6.538705587387085,2.83681321144104,2.76706862449646,0.005228519439697266,0.025844335556030273
291,6.497704029083252,2.7739391326904297,2.6261820793151855,0.006737232208251953,0.02965402603149414
292,6.548721551895142,2.7578213214874268,2.742324113845825,0.005255460739135742,0.026043415069580078
293,6.594656467437744,2.8005902767181396,2.8730521202087402,0.014126062393188477,0.025827407836914062
294,6.540701627731323,2.962106943130493,2.73234224319458,0.0052640438079833984,0.025241613388061523
295,6.4684648513793945,2.71081280708313,2.7171666622161865,0.0051727294921875,0.025731801986694336
296,6.480690002441406,2.7788639068603516,2.8068723678588867,0.00517725944519043,0.025345802307128906
297,6.680636405944824,2.862107992172241,2.8222553730010986,0.0062139034271240234,0.028767108917236328
298,6.367053508758545,2.7911489009857178,2.7221972942352295,0.00527644157409668,0.025157690048217773
299,6.683202743530273,2.888643980026245,2.7491652965545654,0.005299091339111328,0.02590346336364746
300,6.666167736053467,2.8015565872192383,2.8853161334991455,0.007108211517333984,0.027178525924682617
301,6.635940790176392,2.8592076301574707,2.7100038528442383,0.005224943161010742,0.02519512176513672
302,6.468036651611328,2.860124111175537,2.8233842849731445,0.005294322967529297,0.024851560592651367
303,6.6031694412231445,3.1259706020355225,2.903618097305298,0.013902664184570312,0.026076555252075195
304,6.686841249465942,2.942312717437744,2.8544740676879883,0.005345344543457031,0.025374412536621094
305,6.614103555679321,2.762789487838745,2.774296998977661,0.005297183990478516,0.03771615028381348
306,6.558759927749634,2.7863245010375977,2.737203598022461,0.005362749099731445,0.024750709533691406
307,6.4579174518585205,2.919003963470459,2.726942777633667,0.005232810974121094,0.024503231048583984
308,6.556809425354004,2.8282477855682373,2.84075665473938,0.005171298980712891,0.025055885314941406
309,6.687939405441284,2.981580972671509,2.770923376083374,0.005246400833129883,0.025495052337646484
310,6.520721197128296,2.8688418865203857,2.8348195552825928,0.00536799430847168,0.0250396728515625
311,6.488248825073242,2.763226270675659,2.8038837909698486,0.005287647247314453,0.025638580322265625
312,6.552252292633057,2.9332258701324463,2.7779548168182373,0.014320850372314453,0.025165796279907227
313,6.549708604812622,2.9100193977355957,2.91676664352417,0.0077419281005859375,0.032479047775268555
314,6.4566309452056885,2.795518398284912,2.7335398197174072,0.005199432373046875,0.02503824234008789
315,6.4785661697387695,2.9805517196655273,2.812777042388916,0.005175113677978516,0.025751590728759766
316,6.51104211807251,2.8693206310272217,2.8123056888580322,0.005136013031005859,0.02521657943725586
317,6.4103782176971436,2.8130760192871094,2.889437437057495,0.0052754878997802734,0.026300668716430664
318,6.498870849609375,2.826554536819458,2.70188570022583,0.005218982696533203,0.02502608299255371
319,6.413985967636108,2.989240884780884,2.683849811553955,0.0052187442779541016,0.02481698989868164
320,6.581583261489868,2.74215030670166,2.8746206760406494,0.005889415740966797,0.026776790618896484
321,6.538867473602295,2.81097149848938,2.6997039318084717,0.0051610469818115234,0.025359153747558594
322,6.4762632846832275,2.8728702068328857,2.7891714572906494,0.013980865478515625,0.02603626251220703
323,6.67546010017395,2.852620840072632,2.7848339080810547,0.005342006683349609,0.025682687759399414
324,6.62225866317749,2.9630165100097656,2.858049154281616,0.005337238311767578,0.02544569969177246
325,6.775310277938843,2.7700247764587402,2.8190696239471436,0.005254030227661133,0.025397300720214844
326,6.512915372848511,2.803415060043335,2.734525203704834,0.005150794982910156,0.026456356048583984
327,6.497411489486694,2.827226161956787,2.8164141178131104,0.0051958560943603516,0.025404930114746094
328,6.620662212371826,2.770103931427002,2.8339388370513916,0.005441427230834961,0.026145219802856445
329,6.532644271850586,2.8042173385620117,2.7557876110076904,0.005285739898681641,0.025406360626220703
330,6.482791185379028,2.7977662086486816,2.819537401199341,0.005263328552246094,0.02979111671447754
331,6.449304580688477,2.8273282051086426,2.6910250186920166,0.014086723327636719,0.02605891227722168
332,6.466506481170654,2.777055263519287,2.8320069313049316,0.00524449348449707,0.025640487670898438
333,6.419011831283569,2.750007152557373,2.7208964824676514,0.005204916000366211,0.024795055389404297
334,6.4132936000823975,2.8398120403289795,2.704439163208008,0.005204200744628906,0.025365114212036133
335,6.511492729187012,2.8192522525787354,2.784276008605957,0.0073735713958740234,0.025503873825073242
336,6.499009609222412,2.735748291015625,2.7512965202331543,0.006061553955078125,0.02548956871032715
337,6.628211736679077,2.914684772491455,2.8241639137268066,0.005247354507446289,0.025235652923583984
338,6.595833778381348,2.7538673877716064,2.7888216972351074,0.005277872085571289,0.026058673858642578
339,6.558830261230469,2.8697030544281006,2.7355172634124756,0.005212306976318359,0.024923324584960938
340,6.407237529754639,2.8947718143463135,2.7265498638153076,0.005206108093261719,0.02639460563659668
341,6.534284353256226,2.892510414123535,2.801391363143921,0.013884544372558594,0.025952577590942383
342,6.449170112609863,2.806110143661499,2.788684129714966,0.005392789840698242,0.025852441787719727
343,6.4531073570251465,2.836297035217285,2.6187398433685303,0.005278348922729492,0.025243043899536133
344,6.387051820755005,2.811652898788452,2.767660617828369,0.005448579788208008,0.026258468627929688
345,6.623826742172241,2.731076955795288,2.849431037902832,0.005215644836425781,0.025469064712524414
346,6.457671880722046,2.7051351070404053,2.770206928253174,0.00518488883972168,0.02503204345703125
347,6.499254941940308,2.8610270023345947,2.6997995376586914,0.005231618881225586,0.02512073516845703
348,6.546485900878906,3.0049691200256348,2.6824936866760254,0.005248308181762695,0.02483201026916504
349,6.4922826290130615,2.884967803955078,2.8384056091308594,0.005312442779541016,0.024940967559814453
350,6.46263861656189,2.9550116062164307,2.760446786880493,0.015182971954345703,0.024905920028686523
351,6.44719386100769,2.7857844829559326,2.704415798187256,0.006067037582397461,0.02590179443359375
352,6.563952445983887,2.929391384124756,2.762305498123169,0.005167484283447266,0.025231122970581055
353,6.429606676101685,2.802046775817871,2.7289552688598633,0.005134105682373047,0.025071144104003906
354,6.396605491638184,2.914625406265259,2.7646284103393555,0.005139589309692383,0.02508234977722168
355,6.4157874584198,2.8706600666046143,2.6050539016723633,0.005205631256103516,0.024858713150024414
356,6.571120023727417,2.8531534671783447,2.8092398643493652,0.005256175994873047,0.025435924530029297
357,6.502527475357056,2.8986501693725586,2.699660301208496,0.005176544189453125,0.025015592575073242
358,6.582071304321289,2.9911413192749023,2.758902072906494,0.005250692367553711,0.02561783790588379
359,6.606997966766357,3.0803885459899902,2.708644390106201,0.005114316940307617,0.02475738525390625
360,6.53818416595459,2.9156603813171387,2.746368885040283,0.01389002799987793,0.02558279037475586
361,6.459115266799927,2.720993757247925,2.6886391639709473,0.00549006462097168,0.029311656951904297
362,6.657962322235107,2.868823528289795,2.902444839477539,0.005304813385009766,0.030789852142333984
363,6.605507850646973,2.740060806274414,2.6397407054901123,0.005272865295410156,0.024779081344604492
364,6.447316884994507,2.9027395248413086,2.7255146503448486,0.00514674186706543,0.0247495174407959
365,6.513994216918945,2.8950586318969727,2.8506643772125244,0.0052111148834228516,0.030106306076049805
366,6.710677623748779,2.810025691986084,2.7708301544189453,0.005249500274658203,0.02545642852783203
367,6.537641763687134,2.81322979927063,2.689340114593506,0.005285024642944336,0.02535247802734375
368,6.558581829071045,2.7800307273864746,2.7940673828125,0.00527644157409668,0.025701284408569336
369,6.549296617507935,2.820500612258911,2.7425999641418457,0.013991594314575195,0.03126120567321777
370,6.5432939529418945,2.8123342990875244,2.829296112060547,0.0051593780517578125,0.025453567504882812
371,6.531875371932983,2.8507511615753174,2.785587787628174,0.00518035888671875,0.03171801567077637
372,6.547674179077148,2.9047017097473145,2.7871134281158447,0.005155801773071289,0.02518296241760254
373,6.5363335609436035,2.7647769451141357,2.7433485984802246,0.005278110504150391,0.0250704288482666
374,6.396570444107056,2.9077682495117188,2.716442346572876,0.005330801010131836,0.025076627731323242
375,6.488890171051025,2.7432055473327637,2.724640369415283,0.005269527435302734,0.02530217170715332
376,6.468163251876831,2.8339955806732178,2.8579375743865967,0.0052411556243896484,0.025458574295043945
377,6.496248960494995,2.868640661239624,2.728720188140869,0.005254268646240234,0.02544713020324707
378,6.471289873123169,2.6971099376678467,2.817265033721924,0.005160808563232422,0.025302886962890625
379,6.404146432876587,2.784454584121704,2.672316551208496,0.014121532440185547,0.025489091873168945
380,6.567258596420288,3.0197720527648926,2.744699001312256,0.009643793106079102,0.039377689361572266
381,6.5153443813323975,2.850623846054077,2.825432538986206,0.005757570266723633,0.029844284057617188
382,6.586422920227051,2.925426959991455,2.8014650344848633,0.005324602127075195,0.025302886962890625
383,6.790513753890991,3.0699141025543213,2.7125682830810547,0.005214691162109375,0.02544236183166504
384,6.507543325424194,2.8769867420196533,2.737968683242798,0.005195140838623047,0.02509021759033203
385,6.6590940952301025,3.0593903064727783,2.945340633392334,0.005278348922729492,0.03331327438354492
386,6.6908862590789795,2.905306100845337,2.739870548248291,0.005334615707397461,0.025815248489379883
387,6.50492787361145,2.859586000442505,2.813107967376709,0.006401538848876953,0.024570703506469727
388,6.498290300369263,2.9045872688293457,2.7966885566711426,0.013991832733154297,0.02608633041381836
389,6.407461643218994,2.8532626628875732,2.7995500564575195,0.005202054977416992,0.02495408058166504
390,6.59834885597229,2.850546360015869,2.8122735023498535,0.0052602291107177734,0.025498151779174805
391,6.508718729019165,2.8004653453826904,2.678306818008423,0.005114555358886719,0.026996850967407227
392,6.457199811935425,2.882295846939087,2.7973291873931885,0.00508880615234375,0.027436017990112305
393,6.442723035812378,2.930708408355713,2.793614149093628,0.005299806594848633,0.025348663330078125
394,6.5160322189331055,2.8893253803253174,2.7092599868774414,0.005220174789428711,0.0251920223236084
395,6.534301996231079,2.9106266498565674,2.8691012859344482,0.005260467529296875,0.025534629821777344
396,6.5640809535980225,3.0117621421813965,2.7093565464019775,0.005432605743408203,0.024877548217773438
397,6.581007719039917,2.9036457538604736,2.8939208984375,0.0051479339599609375,0.025719404220581055
398,6.574951171875,2.940666437149048,2.714083671569824,0.013991594314575195,0.026007652282714844
399,6.386941909790039,2.8108744621276855,2.6400673389434814,0.005258798599243164,0.026141643524169922
400,6.503872632980347,2.787524700164795,2.788389205932617,0.005396842956542969,0.025209665298461914
401,6.506755828857422,2.981489896774292,2.8626720905303955,0.009648799896240234,0.03713274002075195
402,6.810485601425171,2.9402897357940674,2.9564337730407715,0.005231142044067383,0.026149272918701172
403,6.5108983516693115,2.9722023010253906,2.76737642288208,0.0052449703216552734,0.025091171264648438
404,6.417571783065796,2.8201820850372314,2.72446870803833,0.005249977111816406,0.02495718002319336
405,6.652146816253662,2.8484466075897217,2.8517205715179443,0.005237579345703125,0.024924516677856445
406,6.436438083648682,2.7648110389709473,2.7922964096069336,0.00531768798828125,0.025417327880859375
407,6.498405694961548,2.862368583679199,2.7672877311706543,0.014049768447875977,0.0265047550201416
408,6.439186096191406,2.8492965698242188,2.665294885635376,0.005265474319458008,0.024768590927124023
409,6.43083643913269,2.767197370529175,2.6934189796447754,0.009666919708251953,0.04731011390686035
410,6.46648645401001,2.7278788089752197,2.715402126312256,0.005176067352294922,0.02561211585998535
411,6.465885162353516,2.8640401363372803,2.8315224647521973,0.00516510009765625,0.025414705276489258
412,6.594383001327515,2.8427212238311768,2.7510509490966797,0.005331516265869141,0.025778770446777344
413,6.500658988952637,2.879931926727295,2.711757183074951,0.005296468734741211,0.026136398315429688
414,6.492808818817139,2.8302769660949707,2.762970447540283,0.005250692367553711,0.02657771110534668
415,6.466120958328247,2.7950079441070557,2.8701913356781006,0.005219936370849609,0.025249958038330078
416,6.538626432418823,2.935210704803467,2.742368221282959,0.005179643630981445,0.025578975677490234
417,6.450005292892456,2.8004648685455322,2.825212001800537,0.014324188232421875,0.0259397029876709
418,6.7459776401519775,3.023094892501831,2.6277143955230713,0.005254268646240234,0.025046586990356445
419,6.563438177108765,2.8340933322906494,2.8336617946624756,0.006801128387451172,0.03155779838562012
420,6.579971790313721,2.853550434112549,2.7916553020477295,0.0052373409271240234,0.031194448471069336
421,6.574295282363892,2.8759913444519043,2.7277307510375977,0.005249500274658203,0.025367259979248047
422,6.549709320068359,2.8249893188476562,2.8158061504364014,0.005227088928222656,0.024594545364379883
423,6.505896806716919,2.842893600463867,2.734283447265625,0.005217790603637695,0.02483963966369629
424,6.413402318954468,2.8559443950653076,2.823904275894165,0.005576133728027344,0.025279521942138672
425,6.664656400680542,2.8066020011901855,2.792339563369751,0.00525665283203125,0.02536749839782715
426,6.569555282592773,2.745293617248535,2.6923117637634277,0.01572108268737793,0.025453805923461914
427,6.63623046875,2.9510583877563477,2.8203370571136475,0.005225419998168945,0.025270700454711914
428,6.451458215713501,2.927654504776001,2.8421883583068848,0.005263566970825195,0.025353670120239258
429,6.645166397094727,2.8347463607788086,2.7758617401123047,0.006460428237915039,0.02936863899230957
430,6.518121957778931,2.729537010192871,2.8505921363830566,0.005209684371948242,0.027231454849243164
431,6.585383892059326,2.8365683555603027,2.795559883117676,0.00654292106628418,0.027655363082885742
432,6.469162225723267,2.827288866043091,2.7241902351379395,0.005253314971923828,0.02524542808532715
433,6.435557842254639,2.9071788787841797,2.771005868911743,0.00524139404296875,0.025399446487426758
434,6.702199459075928,2.8944811820983887,2.8573999404907227,0.0052225589752197266,0.025302410125732422
435,6.5668699741363525,2.821601152420044,2.6927456855773926,0.005154132843017578,0.024964570999145508
436,7.163557529449463,2.821026086807251,2.7891223430633545,0.017103910446166992,0.02687859535217285
437,6.645545244216919,2.745920181274414,2.7633681297302246,0.005254268646240234,0.025204181671142578
438,6.501311302185059,2.919715404510498,2.689311981201172,0.005225419998168945,0.025364398956298828
439,6.566752910614014,2.842215061187744,2.670496702194214,0.005189657211303711,0.025282621383666992
440,6.705949068069458,2.77059268951416,2.6557717323303223,0.005192279815673828,0.026175975799560547
441,6.599316358566284,2.841766357421875,2.7796926498413086,0.00519561767578125,0.041351318359375
442,7.442930459976196,2.782325029373169,2.740184783935547,0.0052525997161865234,0.025188922882080078
443,6.421010255813599,2.810302257537842,2.768693447113037,0.005257844924926758,0.024757862091064453
444,6.504415273666382,2.825986862182617,2.8298914432525635,0.005341768264770508,0.03040146827697754
445,6.5005083084106445,2.74899959564209,2.8268978595733643,0.014355659484863281,0.02635931968688965
446,6.744045257568359,2.8724148273468018,2.819432020187378,0.0052759647369384766,0.025232553482055664
447,6.514654636383057,2.940150499343872,2.6777355670928955,0.005498170852661133,0.024799108505249023
448,7.503304719924927,3.034966230392456,2.8859968185424805,0.0051763057708740234,0.02579045295715332
449,6.568976879119873,2.8046469688415527,2.8425917625427246,0.005072832107543945,0.0262911319732666
450,7.68844199180603,2.950359582901001,3.0699050426483154,0.005282163619995117,0.024934053421020508
451,6.503273248672485,2.864246368408203,2.841646909713745,0.0051212310791015625,0.025481462478637695
452,6.518698215484619,2.748547315597534,2.7139487266540527,0.0052487850189208984,0.025254011154174805
453,6.427328109741211,2.970320463180542,2.779402732849121,0.005232572555541992,0.025349855422973633
454,6.459035634994507,2.842162847518921,2.627060651779175,0.005157470703125,0.02550959587097168
455,6.557452201843262,2.816267251968384,2.797170877456665,0.014632225036621094,0.025658130645751953
456,6.414484262466431,2.9751551151275635,2.7382495403289795,0.005181312561035156,0.02532815933227539
457,6.5783631801605225,2.8177473545074463,2.6636533737182617,0.005251646041870117,0.024736642837524414
458,6.509992837905884,2.8424551486968994,2.7664473056793213,0.0052182674407958984,0.025153160095214844
459,6.56109094619751,3.0189411640167236,2.810788154602051,0.005190849304199219,0.024949312210083008
460,6.5543131828308105,2.897869110107422,2.895616292953491,0.005223512649536133,0.02613067626953125
461,6.524404525756836,2.935382843017578,2.758962392807007,0.005251646041870117,0.025579452514648438
462,6.5413432121276855,2.8813440799713135,2.7334907054901123,0.005261421203613281,0.024720191955566406
463,6.515577554702759,2.8570098876953125,2.8403115272521973,0.0052831172943115234,0.025130748748779297
464,6.541910409927368,2.778745174407959,2.8005948066711426,0.014249563217163086,0.025546789169311523
465,6.504286289215088,2.806704521179199,2.69140887260437,0.005213737487792969,0.02512049674987793
466,6.421261548995972,2.901540994644165,2.708434820175171,0.00521540641784668,0.025508880615234375
467,6.50132155418396,2.7637276649475098,2.728393793106079,0.005184650421142578,0.024733304977416992
468,6.371437311172485,2.778136730194092,2.7797048091888428,0.005081892013549805,0.02523064613342285
469,6.4813807010650635,2.9141106605529785,2.7563982009887695,0.005239248275756836,0.02536630630493164
470,6.448000907897949,2.906658887863159,2.7567460536956787,0.005196332931518555,0.02484750747680664
471,6.392354965209961,2.8901915550231934,2.618483304977417,0.0051805973052978516,0.02534937858581543
472,6.521357536315918,2.7928683757781982,2.859255075454712,0.005229473114013672,0.025599241256713867
473,6.573526859283447,2.7290539741516113,2.7380411624908447,0.005174875259399414,0.0252838134765625
474,6.489016771316528,2.8314075469970703,2.716872453689575,0.013877391815185547,0.026085853576660156
475,6.571574926376343,2.8069612979888916,2.796957015991211,0.005269289016723633,0.025046586990356445
476,6.574845790863037,2.8852193355560303,2.728304147720337,0.0052678585052490234,0.025281667709350586
477,6.465988636016846,2.883254289627075,2.8791189193725586,0.005266666412353516,0.025380849838256836
478,6.5343616008758545,2.874450445175171,2.6711952686309814,0.00522613525390625,0.02558279037475586
479,6.555820465087891,2.7888753414154053,2.7325446605682373,0.0051727294921875,0.026314258575439453
480,6.57428765296936,2.9322664737701416,2.8698551654815674,0.005228281021118164,0.025026798248291016
481,6.538951635360718,2.9380407333374023,2.7936060428619385,0.00539398193359375,0.025257349014282227
482,6.472748279571533,2.8604395389556885,2.7979178428649902,0.0053217411041259766,0.026294708251953125
483,6.450411796569824,2.853062629699707,2.8134279251098633,0.01424407958984375,0.02655339241027832
484,6.520223379135132,2.817443609237671,2.705554246902466,0.0052220821380615234,0.025134801864624023
485,6.459444761276245,2.740825891494751,2.9042906761169434,0.0052225589752197266,0.02507162094116211
486,6.451251745223999,2.803590774536133,2.661022663116455,0.0051424503326416016,0.025223731994628906
487,6.634897470474243,2.9588708877563477,2.8741955757141113,0.005224943161010742,0.02554011344909668
488,6.705983400344849,3.1430389881134033,2.8254165649414062,0.005282402038574219,0.02633953094482422
489,6.4600019454956055,2.7608094215393066,2.664480209350586,0.0051898956298828125,0.026104211807250977
490,6.512577533721924,2.908576250076294,2.718447208404541,0.005229473114013672,0.025300264358520508
491,6.626293659210205,2.827296495437622,2.7236812114715576,0.00529170036315918,0.025114774703979492
492,6.524047374725342,2.753185749053955,2.8292033672332764,0.005197286605834961,0.030650854110717773
493,6.603058576583862,2.8655292987823486,2.6976191997528076,0.013799428939819336,0.026082515716552734
494,6.588186025619507,2.9627320766448975,2.865549325942993,0.005339145660400391,0.02567601203918457
495,6.70331883430481,2.86352276802063,2.750648021697998,0.005288124084472656,0.025597095489501953
496,6.49489688873291,2.7910361289978027,2.7530083656311035,0.005255222320556641,0.025779247283935547
497,6.5246806144714355,2.7813210487365723,2.797136068344116,0.00529170036315918,0.025153160095214844
498,6.685618877410889,3.016873598098755,2.836376428604126,0.005222797393798828,0.02503037452697754
499,6.516220808029175,2.7641172409057617,2.736975908279419,0.005328655242919922,0.025703907012939453
